BTCUSD · Bitfinex;GLI0 0 3M 0 EMA 30 60;;;;;
;;;;;;
Date · 1W;Open;High;Low;Close;Change;GLI Line
Mon 23 Feb '26;67,712.00;67,750.00;62,550.00;64,400.00;−3,310.0 (−4.89%);150.4
Mon 16 Feb '26;68,868.00;70,222.00;65,683.00;67,710.00;−1,170.0 (−1.70%);150.2
Mon 09 Feb '26;70,362.00;71,494.00;65,211.00;68,880.00;−1,514.0 (−2.15%);150.7
Mon 02 Feb '26;77,029.00;79,450.00;60,100.00;70,394.00;−6,617.0 (−8.59%);149.8
Mon 26 Jan '26;86,649.00;90,600.00;75,731.00;77,011.00;−9,642.0 (−11.13%);150
Mon 19 Jan '26;93,641.00;93,662.00;86,045.00;86,653.00;−6,998.0 (−7.47%);148.6
Mon 12 Jan '26;90,987.00;97,850.00;90,079.00;93,651.00;+2,667.0 (+2.93%);147.4
Mon 05 Jan '26;91,463.00;94,665.00;89,280.00;90,984.00;−472.0 (−0.52%);147.4
Mon 29 Dec '25;88,025.00;91,756.00;86,821.00;91,456.00;+3,443.0 (+3.91%);147.7
Mon 22 Dec '25;88,745.00;90,606.00;86,408.00;88,013.00;−713.0 (−0.80%);146.7
Mon 15 Dec '25;88,197.00;90,427.00;84,562.00;88,726.00;+545.0 (+0.62%);145.9
Mon 08 Dec '25;90,433.00;94,665.00;87,660.00;88,181.00;−2,292.0 (−2.53%);146.1
Mon 01 Dec '25;90,406.00;94,449.00;84,000.00;90,473.00;+60.0 (+0.07%);145.7
Mon 24 Nov '25;87,013.00;93,116.00;85,500.00;90,413.00;+3,405.0 (+3.91%);145.5
Mon 17 Nov '25;94,601.00;96,219.00;80,822.00;87,008.00;−7,592.0 (−8.03%);144.2
Mon 10 Nov '25;104,760.00;107,500.00;93,673.00;94,600.00;−10,180.0 (−9.72%);144.8
Mon 03 Nov '25;110,670.00;110,850.00;99,045.00;104,780.00;−5,930.0 (−5.36%);144.5
Mon 27 Oct '25;114,520.00;116,500.00;106,510.00;110,710.00;−3,790.0 (−3.31%);144.4
Mon 20 Oct '25;108,840.00;115,390.00;106,760.00;114,500.00;+5,660.0 (+5.20%);144.7
Mon 13 Oct '25;115,200.00;116,130.00;103,790.00;108,840.00;−6,390.0 (−5.55%);145
Mon 06 Oct '25;123,490.00;126,110.00;103,310.00;115,230.00;−8,250.0 (−6.68%);144.7
Mon 29 Sep '25;112,420.00;125,710.00;111,850.00;123,480.00;+11,110.0 (+9.89%);145.7
Mon 22 Sep '25;115,450.00;115,550.00;108,880.00;112,370.00;−3,090.0 (−2.68%);144.2
Mon 15 Sep '25;115,510.00;118,000.00;114,620.00;115,460.00;−70.0 (−0.06%);144.8
Mon 08 Sep '25;111,220.00;116,610.00;110,740.00;115,530.00;+4,310.0 (+3.88%);144.9
Mon 01 Sep '25;108,430.00;113,520.00;107,370.00;111,220.00;+2,800.0 (+2.58%);144.8
Mon 25 Aug '25;113,730.00;113,880.00;107,540.00;108,420.00;−5,280.0 (−4.64%);144.8
Mon 18 Aug '25;117,530.00;117,640.00;111,200.00;113,700.00;−3,840.0 (−3.27%);144.3
Mon 11 Aug '25;119,370.00;123,640.00;116,990.00;117,540.00;−1,830.0 (−1.53%);144.2
Mon 04 Aug '25;114,390.00;119,430.00;112,720.00;119,370.00;+4,920.0 (+4.30%);144
Mon 28 Jul '25;119,590.00;119,900.00;112,210.00;114,450.00;−5,130.0 (−4.29%);143.6
Mon 21 Jul '25;117,230.00;120,250.00;114,800.00;119,580.00;+2,340.0 (+2.00%);143.6
Mon 14 Jul '25;118,950.00;123,120.00;115,820.00;117,240.00;−1,700.0 (−1.43%);143.2
Mon 07 Jul '25;109,360.00;119,310.00;107,630.00;118,940.00;+9,560.0 (+8.74%);143.7
Mon 30 Jun '25;108,380.00;110,700.00;105,270.00;109,380.00;+1,010.0 (+0.93%);144.2
Mon 23 Jun '25;101,170.00;108,590.00;99,830.00;108,370.00;+7,170.0 (+7.08%);143.6
Mon 16 Jun '25;105,740.00;109,030.00;98,579.00;101,200.00;−4,540.0 (−4.29%);143.1
Mon 09 Jun '25;105,800.00;110,680.00;102,660.00;105,740.00;−90.0 (−0.09%);143.2
Mon 02 Jun '25;105,670.00;106,800.00;100,520.00;105,830.00;+200.0 (+0.19%);142.7
Mon 26 May '25;108,890.00;110,700.00;103,110.00;105,630.00;−3,230.0 (−2.97%);142.3
Mon 19 May '25;106,440.00;111,880.00;102,010.00;108,860.00;+2,430.0 (+2.28%);142.6
Mon 12 May '25;104,080.00;106,590.00;100,810.00;106,430.00;+2,340.0 (+2.25%);141.2
Mon 05 May '25;94,703.00;104,920.00;93,663.00;104,090.00;+9,387.0 (+9.91%);141.2
Mon 28 Apr '25;93,771.00;97,915.00;93,033.00;94,703.00;+919.0 (+0.98%);141.1
Mon 21 Apr '25;85,003.00;95,814.00;84,940.00;93,784.00;+8,765.0 (+10.31%);141
Mon 14 Apr '25;83,717.00;86,446.00;83,111.00;85,019.00;+1,343.0 (+1.61%);141.5
Mon 07 Apr '25;78,459.00;86,029.00;74,501.00;83,676.00;+5,235.0 (+6.67%);141.2
Mon 31 Mar '25;82,552.00;88,490.00;77,133.00;78,441.00;−4,112.0 (−4.98%);139.5
Mon 24 Mar '25;86,276.00;88,868.00;81,754.00;82,553.00;−3,714.0 (−4.31%);138.2
Mon 17 Mar '25;82,759.00;87,622.00;81,366.00;86,267.00;+3,508.0 (+4.24%);138.4
Mon 10 Mar '25;80,954.00;85,487.00;77,041.00;82,759.00;+1,807.0 (+2.23%);138.7
Mon 03 Mar '25;94,488.00;94,633.00;80,240.00;80,952.00;−13,514.0 (−14.31%);138.5
Mon 24 Feb '25;96,450.00;96,659.00;78,617.00;94,466.00;−1,984.0 (−2.06%);136.4
Mon 17 Feb '25;96,257.00;99,574.00;93,569.00;96,450.00;+193.0 (+0.20%);136.8
Mon 10 Feb '25;96,614.00;98,821.00;94,398.00;96,257.00;−358.0 (−0.37%);136.6
Mon 03 Feb '25;97,600.00;102,390.00;91,657.00;96,615.00;−985.0 (−1.01%);135.7
Mon 27 Jan '25;102,660.00;106,520.00;96,200.00;97,600.00;−5,060.0 (−4.93%);135.5
Mon 20 Jan '25;101,310.00;109,590.00;99,500.00;102,660.00;+1,360.0 (+1.34%);135.2
Mon 13 Jan '25;94,581.00;106,370.00;89,698.00;101,300.00;+6,720.0 (+7.11%);133.7
Mon 06 Jan '25;98,402.00;102,760.00;91,430.00;94,580.00;−3,820.0 (−3.88%);133.4
Mon 30 Dec '24;93,943.00;99,028.00;91,696.00;98,400.00;+4,456.0 (+4.74%);133.5
Mon 23 Dec '24;95,200.00;99,900.00;92,666.00;93,944.00;−1,257.0 (−1.32%);133.5
Mon 16 Dec '24;104,360.00;108,100.00;92,368.00;95,201.00;−9,139.0 (−8.76%);134
Mon 09 Dec '24;101,240.00;105,000.00;94,222.00;104,340.00;+3,100.0 (+3.06%);134.7
Mon 02 Dec '24;97,366.00;104,000.00;88,800.00;101,240.00;+3,875.0 (+3.98%);135.3
Mon 25 Nov '24;97,802.00;98,690.00;90,911.00;97,365.00;−463.0 (−0.47%);135.6
Mon 18 Nov '24;89,844.00;99,334.00;89,500.00;97,828.00;+7,985.0 (+8.89%);134
Mon 11 Nov '24;80,366.00;93,318.00;80,244.00;89,843.00;+9,478.0 (+11.79%);134.5
Mon 04 Nov '24;68,806.00;81,500.00;66,880.00;80,365.00;+11,558.0 (+16.80%);135.7
Mon 28 Oct '24;68,035.00;73,525.00;67,530.00;68,807.00;+772.0 (+1.13%);136.4
Mon 21 Oct '24;69,045.00;69,586.00;65,265.00;68,035.00;−1,010.0 (−1.46%);136.3
Mon 14 Oct '24;62,987.00;69,402.00;62,601.00;69,045.00;+6,059.0 (+9.62%);137
Mon 07 Oct '24;62,895.00;64,514.00;58,943.00;62,986.00;+92.0 (+0.15%);137.6
Mon 30 Sep '24;65,759.00;65,759.00;60,004.00;62,894.00;−2,868.0 (−4.36%);138.2
Mon 23 Sep '24;63,663.00;66,587.00;62,687.00;65,762.00;+2,099.0 (+3.30%);138.4
Mon 16 Sep '24;59,286.00;64,200.00;57,652.00;63,663.00;+4,367.0 (+7.36%);138
Mon 09 Sep '24;55,019.00;60,730.00;54,750.00;59,296.00;+4,285.0 (+7.79%);137.8
Mon 02 Sep '24;57,456.00;59,976.00;52,756.00;55,011.00;−2,458.0 (−4.28%);137.7
Mon 26 Aug '24;64,362.00;64,579.00;57,333.00;57,469.00;−6,892.0 (−10.71%);137.1
Mon 19 Aug '24;58,533.00;65,200.00;57,936.00;64,361.00;+5,818.0 (+9.94%);137.1
Mon 12 Aug '24;58,816.00;61,898.00;56,220.00;58,543.00;−274.0 (−0.47%);135.8
Mon 05 Aug '24;58,203.00;62,770.00;49,130.00;58,817.00;+597.0 (+1.03%);135.6
Mon 29 Jul '24;68,417.00;70,162.00;57,300.00;58,220.00;−10,199.0 (−14.91%);135.5
Mon 22 Jul '24;68,269.00;69,529.00;63,532.00;68,419.00;+154.0 (+0.23%);134.3
Mon 15 Jul '24;60,933.00;68,479.00;60,840.00;68,265.00;+7,319.0 (+12.01%);134
Mon 08 Jul '24;56,035.00;61,535.00;54,500.00;60,946.00;+4,907.0 (+8.76%);134.4
Mon 01 Jul '24;62,867.00;63,911.00;53,219.00;56,039.00;−6,828.0 (−10.86%);133.7
Mon 24 Jun '24;63,292.00;63,461.00;58,555.00;62,867.00;−425.0 (−0.67%);133.1
Mon 17 Jun '24;66,677.00;67,302.00;63,290.00;63,292.00;−3,385.0 (−5.08%);132.7
Mon 10 Jun '24;69,645.00;70,150.00;65,088.00;66,677.00;−2,969.0 (−4.26%);133.1
Mon 03 Jun '24;67,812.00;71,950.00;67,625.00;69,646.00;+1,830.0 (+2.70%);133.4
Mon 27 May '24;68,544.00;70,679.00;66,680.00;67,816.00;−769.0 (−1.12%);133.6
Mon 20 May '24;66,338.00;71,922.00;66,166.00;68,585.00;+2,246.0 (+3.39%);133.4
Mon 13 May '24;61,668.00;67,801.00;60,866.00;66,339.00;+4,727.0 (+7.67%);133.7
Mon 06 May '24;64,212.00;65,628.00;60,184.00;61,612.00;−2,568.0 (−4.00%);133.2
Mon 29 Apr '24;63,217.00;64,801.00;56,711.00;64,180.00;+964.0 (+1.52%);133.4
Mon 22 Apr '24;65,011.00;68,158.00;62,405.00;63,216.00;−1,795.0 (−2.76%);133.1
Mon 15 Apr '24;65,770.00;66,888.00;59,675.00;65,011.00;−782.0 (−1.19%);133.5
Mon 08 Apr '24;69,343.00;72,762.00;61,593.00;65,793.00;−3,549.0 (−5.12%);133.8
Mon 01 Apr '24;71,373.00;71,373.00;64,192.00;69,342.00;−2,060.0 (−2.89%);134.6
Mon 25 Mar '24;67,281.00;71,611.00;66,397.00;71,402.00;+4,122.0 (+6.13%);134.5
Mon 18 Mar '24;68,450.00;68,940.00;60,870.00;67,280.00;−1,173.0 (−1.71%);133.7
Mon 11 Mar '24;68,950.00;73,666.00;64,593.00;68,453.00;−498.0 (−0.72%);134.7
Mon 04 Mar '24;63,113.00;69,861.00;59,008.00;68,951.00;+5,830.0 (+9.24%);135.2
Mon 26 Feb '24;51,725.00;63,905.00;50,871.00;63,121.00;+11,406.0 (+22.06%);134.4
Mon 19 Feb '24;52,075.00;52,880.00;50,227.00;51,715.00;−355.0 (−0.68%);134
Mon 12 Feb '24;48,342.00;52,700.00;47,699.00;52,070.00;+3,749.0 (+7.76%);133.9
Mon 05 Feb '24;42,584.00;48,500.00;42,247.00;48,321.00;+5,738.0 (+13.47%);134.1
Mon 29 Jan '24;42,045.00;43,867.00;41,821.00;42,583.00;+539.0 (+1.28%);134.2
Mon 22 Jan '24;41,670.00;42,815.00;38,572.00;42,044.00;+365.0 (+0.88%);133.9
Mon 15 Jan '24;41,722.00;43,588.00;40,358.00;41,679.00;−52.0 (−0.12%);134
Mon 08 Jan '24;43,959.00;48,750.00;41,500.00;41,731.00;−2,228.0 (−5.07%);134.9
Mon 01 Jan '24;42,331.00;45,920.00;40,383.00;43,959.00;+1,633.0 (+3.86%);134.9
Mon 25 Dec '23;43,040.00;43,881.00;41,304.00;42,326.00;−717.0 (−1.67%);135.7
Mon 18 Dec '23;41,410.00;44,444.00;40,508.00;43,043.00;+1,632.0 (+3.94%);134.6
Mon 11 Dec '23;43,818.00;43,842.00;40,198.00;41,411.00;−2,398.0 (−5.47%);134.6
Mon 04 Dec '23;39,959.00;44,699.00;39,959.00;43,809.00;+3,869.0 (+9.69%);133.4
Mon 27 Nov '23;37,442.00;40,170.00;36,732.00;39,940.00;+2,497.0 (+6.67%);133.9
Mon 20 Nov '23;37,379.00;38,410.00;35,660.00;37,443.00;+74.0 (+0.20%);132.8
Mon 13 Nov '23;37,045.00;37,950.00;34,779.00;37,369.00;+323.0 (+0.87%);132.2
Mon 06 Nov '23;35,062.00;37,974.00;34,518.00;37,046.00;+1,972.0 (+5.62%);130.6
Mon 30 Oct '23;34,552.00;35,975.00;34,100.00;35,074.00;+522.0 (+1.51%);130.9
Mon 23 Oct '23;30,023.00;35,199.00;29,923.00;34,552.00;+4,529.0 (+15.09%);130.1
Mon 16 Oct '23;27,169.00;30,362.00;27,129.00;30,023.00;+2,855.0 (+10.51%);130.3
Mon 09 Oct '23;27,927.00;27,989.00;26,562.00;27,168.00;−761.0 (−2.72%);130.2
Mon 02 Oct '23;28,023.00;28,611.00;27,176.00;27,929.00;−81.0 (−0.29%);130.4
Mon 25 Sep '23;26,293.00;28,105.00;26,040.00;28,010.00;+1,711.0 (+6.51%);130.2
Mon 18 Sep '23;26,543.00;27,508.00;26,191.00;26,299.00;−248.0 (−0.93%);130.5
Mon 11 Sep '23;25,849.00;26,910.00;24,917.00;26,547.00;+687.0 (+2.66%);131.1
Mon 04 Sep '23;25,980.00;26,461.00;25,444.00;25,860.00;−120.0 (−0.46%);130.6
Mon 28 Aug '23;26,120.00;28,193.00;25,342.00;25,980.00;−141.0 (−0.54%);131.6
Mon 21 Aug '23;26,213.00;26,840.00;25,387.00;26,121.00;−94.0 (−0.36%);131
Mon 14 Aug '23;29,315.00;29,689.00;24,713.00;26,215.00;−3,099.0 (−10.57%);131.2
Mon 07 Aug '23;29,095.00;30,284.00;28,716.00;29,314.00;+219.0 (+0.75%);131.8
Mon 31 Jul '23;29,315.00;30,076.00;28,637.00;29,095.00;−220.0 (−0.75%);132.8
Mon 24 Jul '23;30,117.00;30,125.00;28,924.00;29,315.00;−807.0 (−2.68%);133.9
Mon 17 Jul '23;30,262.00;30,438.00;29,543.00;30,122.00;−140.0 (−0.46%);133.9
Mon 10 Jul '23;30,188.00;31,845.00;29,929.00;30,262.00;+74.0 (+0.25%);135
Mon 03 Jul '23;30,655.00;31,553.00;29,750.00;30,188.00;−461.0 (−1.50%);133.2
Mon 26 Jun '23;30,488.00;31,300.00;29,508.00;30,649.00;+161.0 (+0.53%);132.5
Mon 19 Jun '23;26,357.00;31,430.00;26,292.00;30,488.00;+4,130.0 (+15.67%);133
Mon 12 Jun '23;25,953.00;26,857.00;24,825.00;26,358.00;+405.0 (+1.56%);134
Mon 05 Jun '23;27,125.00;27,393.00;25,331.00;25,953.00;−1,173.0 (−4.32%);133.5
Mon 29 May '23;28,097.00;28,475.00;26,511.00;27,126.00;−970.0 (−3.45%);133.4
Mon 22 May '23;26,760.00;28,277.00;25,886.00;28,096.00;+1,336.0 (+4.99%);133.2
Mon 15 May '23;26,939.00;27,674.00;26,413.00;26,760.00;−177.0 (−0.66%);134
Mon 08 May '23;28,485.00;28,686.00;25,857.00;26,937.00;−1,547.0 (−5.43%);134.8
Mon 01 May '23;29,263.00;29,847.00;27,692.00;28,484.00;−770.0 (−2.63%);135.7
Mon 24 Apr '23;27,611.00;30,034.00;26,978.00;29,254.00;+1,642.0 (+5.95%);135.3
Mon 17 Apr '23;30,285.00;30,527.00;27,155.00;27,612.00;−2,674.0 (−8.83%);136
Mon 10 Apr '23;28,320.00;30,968.00;28,136.00;30,286.00;+1,966.0 (+6.94%);136.5
Mon 03 Apr '23;28,173.00;28,801.00;27,213.00;28,320.00;+147.0 (+0.52%);136.4
Mon 27 Mar '23;27,985.00;29,171.00;26,536.00;28,173.00;+195.0 (+0.70%);136
Mon 20 Mar '23;27,947.00;28,818.00;26,591.00;27,978.00;+35.0 (+0.13%);135.4
Mon 13 Mar '23;22,091.00;28,342.00;21,878.00;27,943.00;+5,860.0 (+26.54%);134.9
Mon 06 Mar '23;22,430.00;22,591.00;19,592.00;22,083.00;−348.0 (−1.55%);133.8
Mon 27 Feb '23;23,560.00;24,009.00;21,910.00;22,431.00;−1,130.0 (−4.80%);133.8
Mon 20 Feb '23;24,281.00;25,227.00;22,810.00;23,561.00;−723.0 (−2.98%);132.9
Mon 13 Feb '23;21,793.00;25,234.00;21,354.00;24,284.00;+2,488.0 (+11.41%);134.5
Mon 06 Feb '23;22,935.00;23,430.00;21,500.00;21,796.00;−1,136.0 (−4.95%);135.4
Mon 30 Jan '23;23,743.00;24,240.00;22,500.00;22,932.00;−814.0 (−3.43%);136
Mon 23 Jan '23;22,713.00;23,962.00;22,324.00;23,746.00;+1,033.0 (+4.55%);135.4
Mon 16 Jan '23;20,882.00;23,353.00;20,408.00;22,713.00;+1,831.0 (+8.77%);135.4
Mon 09 Jan '23;17,141.00;21,378.00;17,123.00;20,882.00;+3,742.0 (+21.83%);136
Mon 02 Jan '23;16,643.00;17,200.00;16,584.00;17,140.00;+497.0 (+2.99%);133.7
Mon 26 Dec '22;16,848.00;16,987.00;16,358.00;16,643.00;−204.0 (−1.21%);133.1
Mon 19 Dec '22;16,756.00;17,066.00;16,261.00;16,847.00;+92.0 (+0.55%);132.7
Mon 12 Dec '22;17,101.00;18,391.00;16,550.00;16,755.00;−355.0 (−2.07%);132.5
Mon 05 Dec '22;17,127.00;17,503.00;16,701.00;17,110.00;−17.0 (−0.10%);132.6
Mon 28 Nov '22;16,436.00;17,335.00;16,002.00;17,127.00;+692.0 (+4.21%);132.6
Mon 21 Nov '22;16,278.00;16,804.00;15,487.00;16,435.00;+157.0 (+0.96%);130.2
Mon 14 Nov '22;16,344.00;17,200.00;15,822.00;16,278.00;−67.0 (−0.41%);130.2
Mon 07 Nov '22;20,932.00;21,083.00;15,588.00;16,345.00;−4,587.0 (−21.91%);130.6
Mon 31 Oct '22;20,649.00;21,470.00;20,052.00;20,932.00;+285.0 (+1.38%);127.7
Mon 24 Oct '22;19,586.00;21,091.00;19,174.00;20,647.00;+1,062.0 (+5.42%);127.5
Mon 17 Oct '22;19,268.00;19,709.00;18,673.00;19,585.00;+318.0 (+1.65%);127.1
Mon 10 Oct '22;19,441.00;19,947.00;18,161.00;19,267.00;−177.4 (−0.91%);126.7
Mon 03 Oct '22;19,067.00;20,543.00;18,980.00;19,444.40;+377.5 (+1.98%);127.7
Mon 26 Sep '22;18,819.00;20,385.00;18,478.00;19,066.90;+249.9 (+1.33%);127.7
Mon 19 Sep '22;19,418.00;19,981.00;18,210.00;18,817.00;−601.0 (−3.10%);127.2
Mon 12 Sep '22;21,832.90;22,794.00;19,347.00;19,418.00;−2,416.0 (−11.07%);129.6
Mon 05 Sep '22;20,004.00;21,854.00;18,549.00;21,834.00;+1,831.0 (+9.15%);130.2
Mon 29 Aug '22;19,570.90;20,589.00;19,561.00;20,003.00;+432.0 (+2.21%);130.4
Mon 22 Aug '22;21,514.00;21,930.00;19,540.00;19,571.00;−1,940.7 (−9.02%);130.8
Mon 15 Aug '22;24,303.00;25,205.00;20,769.00;21,511.70;−2,788.3 (−11.47%);131.5
Mon 08 Aug '22;23,177.90;25,068.00;22,650.00;24,300.00;+1,122.1 (+4.84%);133.2
Mon 01 Aug '22;23,291.00;23,634.10;22,390.00;23,177.90;−116.1 (−0.50%);132.5
Mon 25 Jul '22;22,578.00;24,736.00;20,724.00;23,294.00;+713.6 (+3.16%);132.9
Mon 18 Jul '22;20,791.00;24,276.00;20,763.00;22,580.40;+1,792.5 (+8.62%);132.5
Mon 11 Jul '22;20,869.00;21,666.00;18,912.60;20,787.90;−66.7 (−0.32%);131.9
Mon 04 Jul '22;19,307.30;22,425.00;19,050.00;20,854.60;+1,546.6 (+8.01%);132.7
Mon 27 Jun '22;21,054.90;21,534.00;18,638.00;19,308.00;−1,748.0 (−8.30%);133.6
Mon 20 Jun '22;20,543.50;22,020.00;19,626.00;21,056.00;+507.0 (+2.47%);133.4
Mon 13 Jun '22;26,636.00;26,951.00;17,605.00;20,549.00;−6,087.0 (−22.85%);132.9
Mon 06 Jun '22;29,934.00;31,775.00;26,636.00;26,636.00;−3,287.4 (−10.99%);133.4
Mon 30 May '22;29,477.00;32,503.00;29,300.00;29,923.40;+447.4 (+1.52%);134.8
Mon 23 May '22;30,279.00;30,666.00;27,978.00;29,476.00;−807.0 (−2.66%);134.5
Mon 16 May '22;31,323.00;31,324.10;28,632.10;30,283.00;−1,035.0 (−3.30%);133.9
Mon 09 May '22;34,075.00;34,277.00;26,591.00;31,318.00;−2,746.0 (−8.06%);132.4
Mon 02 May '22;38,495.40;40,046.00;33,761.00;34,064.00;−4,432.1 (−11.51%);133.4
Mon 25 Apr '22;39,473.00;40,809.00;37,406.10;38,496.10;−984.5 (−2.49%);133.9
Mon 18 Apr '22;39,699.70;42,989.00;38,547.00;39,480.60;−227.0 (−0.57%);136
Mon 11 Apr '22;42,181.00;42,437.00;39,223.00;39,707.60;−2,470.0 (−5.86%);137.6
Mon 04 Apr '22;46,388.00;47,173.00;41,933.00;42,177.50;−4,212.5 (−9.08%);138.1
Mon 28 Mar '22;46,810.00;48,192.00;44,234.00;46,390.00;−423.0 (−0.90%);138.8
Mon 21 Mar '22;41,263.00;46,864.00;40,544.00;46,813.00;+5,549.0 (+13.45%);137.4
Mon 14 Mar '22;37,779.00;42,427.00;37,450.00;41,264.00;+3,488.0 (+9.23%);137.7
Mon 07 Mar '22;38,437.00;42,607.00;37,181.80;37,776.00;−661.0 (−1.72%);137.3
Mon 28 Feb '22;37,739.60;45,470.00;37,496.00;38,437.00;+702.8 (+1.86%);138.2
Mon 21 Feb '22;38,437.00;40,330.00;34,425.00;37,734.20;−704.8 (−1.83%);138.8
Mon 14 Feb '22;42,090.00;44,762.00;38,038.00;38,439.00;−3,651.0 (−8.67%);139
Mon 07 Feb '22;42,421.80;45,899.00;41,699.50;42,090.00;−322.0 (−0.76%);138.8
Mon 31 Jan '22;37,914.00;42,739.00;36,267.50;42,412.00;+4,497.6 (+11.86%);138.9
Mon 24 Jan '22;36,302.00;38,935.00;32,937.00;37,914.40;+1,606.4 (+4.42%);137
Mon 17 Jan '22;43,084.00;43,591.00;33,855.00;36,308.00;−6,776.0 (−15.73%);138.1
Mon 10 Jan '22;41,861.00;44,445.00;39,672.90;43,084.00;+1,228.0 (+2.93%);138.3
Mon 03 Jan '22;47,304.20;47,671.90;40,556.00;41,856.00;−5,446.0 (−11.51%);137.7
Mon 27 Dec '21;50,805.00;52,085.00;45,664.10;47,302.00;−3,495.0 (−6.88%);137.9
Mon 20 Dec '21;46,698.00;51,842.00;45,600.00;50,797.00;+4,093.0 (+8.76%);137.1
Mon 13 Dec '21;50,116.80;50,234.00;45,523.00;46,704.00;−3,419.0 (−6.82%);136.6
Mon 06 Dec '21;49,475.50;51,970.00;46,872.00;50,123.00;+649.0 (+1.31%);137.1
Mon 29 Nov '21;57,329.00;59,174.00;41,634.00;49,474.00;−7,882.0 (−13.74%);137
Mon 22 Nov '21;58,702.00;59,456.00;53,458.00;57,356.00;−1,335.0 (−2.27%);136
Mon 15 Nov '21;65,474.00;66,343.90;55,653.00;58,691.00;−6,783.0 (−10.36%);135.9
Mon 08 Nov '21;63,277.00;68,958.00;62,255.00;65,474.00;+2,211.0 (+3.49%);136.6
Mon 01 Nov '21;61,326.00;64,313.00;59,522.00;63,263.00;+1,933.0 (+3.15%);136.8
Mon 25 Oct '21;60,832.00;63,666.00;57,606.00;61,330.00;+483.0 (+0.79%);136.7
Mon 18 Oct '21;61,508.00;66,958.00;59,533.00;60,847.00;−657.0 (−1.07%);136.9
Mon 11 Oct '21;54,679.00;62,900.00;53,837.50;61,504.00;+6,813.0 (+12.46%);136.2
Mon 04 Oct '21;48,241.00;56,450.00;46,897.00;54,691.00;+6,449.0 (+13.37%);136.1
Mon 27 Sep '21;43,188.00;49,196.00;40,804.00;48,242.00;+5,052.0 (+11.70%);136.2
Mon 20 Sep '21;47,244.00;47,327.00;39,678.00;43,190.00;−4,049.0 (−8.57%);135.4
Mon 13 Sep '21;46,039.00;48,819.00;43,444.00;47,239.00;+1,200.1 (+2.61%);135.6
Mon 06 Sep '21;51,779.00;52,888.00;43,220.00;46,038.90;−5,741.1 (−11.09%);136.1
Mon 30 Aug '21;48,801.00;51,900.00;46,590.00;51,780.00;+2,980.0 (+6.11%);136.4
Mon 23 Aug '21;49,267.00;50,558.00;46,310.00;48,800.00;−466.0 (−0.95%);135.1
Mon 16 Aug '21;47,023.00;49,788.00;43,992.00;49,266.00;+2,244.0 (+4.77%);134.2
Mon 09 Aug '21;43,782.50;48,141.00;42,790.00;47,022.00;+3,229.0 (+7.37%);134.8
Mon 02 Aug '21;39,873.00;45,250.00;37,318.00;43,793.00;+3,926.0 (+9.85%);134.6
Mon 26 Jul '21;35,413.00;42,532.00;35,233.00;39,867.00;+4,452.0 (+12.57%);134.9
Mon 19 Jul '21;31,820.50;35,444.00;29,313.00;35,415.00;+3,595.0 (+11.30%);134.3
Mon 12 Jul '21;34,249.00;34,655.00;31,044.00;31,820.00;−2,424.0 (−7.08%);134.5
Mon 05 Jul '21;35,278.00;35,280.00;32,063.00;34,244.00;−1,032.0 (−2.93%);134.6
Mon 28 Jun '21;34,743.00;36,600.00;32,700.00;35,276.00;+532.0 (+1.53%);134.6
Mon 21 Jun '21;35,653.00;35,832.00;29,247.00;34,744.00;−887.0 (−2.49%);134
Mon 14 Jun '21;38,998.90;41,273.00;33,411.00;35,631.00;−3,367.9 (−8.64%);133.6
Mon 07 Jun '21;35,781.00;39,374.00;31,075.00;38,998.90;+3,218.9 (+9.00%);135
Mon 31 May '21;35,609.00;39,482.00;34,160.00;35,780.00;+166.0 (+0.47%);135.2
Mon 24 May '21;34,747.00;40,884.00;33,367.00;35,614.00;+867.0 (+2.50%);134.3
Mon 17 May '21;46,587.60;46,796.00;29,563.00;34,747.00;−11,850.0 (−25.43%);133.9
Mon 10 May '21;58,286.90;59,589.80;44,021.00;46,597.00;−11,679.0 (−20.04%);133.8
Mon 03 May '21;56,601.00;59,450.00;52,960.00;58,276.00;+1,671.0 (+2.95%);133.9
Mon 26 Apr '21;49,129.10;58,326.00;48,831.00;56,605.00;+7,476.0 (+15.22%);132.8
Mon 19 Apr '21;56,171.00;57,500.00;47,112.00;49,129.00;−7,043.0 (−12.54%);132.8
Mon 12 Apr '21;60,033.00;64,829.00;50,500.00;56,172.00;−3,860.0 (−6.43%);132.2
Mon 05 Apr '21;58,241.00;61,243.00;55,555.00;60,032.00;+1,791.8 (+3.08%);131.3
Mon 29 Mar '21;55,783.00;60,190.00;54,831.00;58,240.20;+2,460.2 (+4.41%);130.7
Mon 22 Mar '21;57,341.00;58,525.00;50,350.00;55,780.00;−1,586.0 (−2.76%);129.9
Mon 15 Mar '21;59,001.00;60,575.00;53,346.00;57,366.00;−1,634.0 (−2.77%);130
Mon 08 Mar '21;51,011.00;61,699.00;49,369.00;59,000.00;+8,000.0 (+15.69%);129.9
Mon 01 Mar '21;45,284.70;52,567.00;45,100.00;51,000.00;+5,700.0 (+12.58%);129.7
Mon 22 Feb '21;57,374.00;57,449.00;43,171.00;45,300.00;−12,076.0 (−21.05%);130.5
Mon 15 Feb '21;48,597.00;58,321.20;45,730.50;57,376.00;+8,792.0 (+18.10%);130.4
Mon 08 Feb '21;38,841.00;49,659.00;37,947.00;48,584.00;+9,747.0 (+25.10%);130.2
Mon 01 Feb '21;33,117.80;40,985.00;32,333.00;38,837.00;+5,699.0 (+17.20%);129.7
Mon 25 Jan '21;32,327.00;38,710.70;29,283.00;33,138.00;+818.0 (+2.53%);130.1
Mon 18 Jan '21;35,901.00;37,936.60;28,989.00;32,320.00;−3,580.0 (−9.97%);129.1
Mon 11 Jan '21;38,200.00;40,001.00;30,635.00;35,900.00;−2,300.0 (−6.02%);128.9
Mon 04 Jan '21;32,990.00;41,969.00;28,540.00;38,200.00;+5,232.0 (+15.87%);129.1
Mon 28 Dec '20;26,242.00;34,873.00;25,859.00;32,968.00;+6,727.0 (+25.64%);129.1
Mon 21 Dec '20;23,427.00;28,244.00;21,884.00;26,241.00;+2,814.0 (+12.01%);128
Mon 14 Dec '20;19,180.00;24,244.00;19,008.30;23,427.00;+4,247.0 (+22.14%);128.4
Mon 07 Dec '20;19,410.00;19,460.00;17,629.00;19,180.00;−230.0 (−1.18%);127.5
Mon 30 Nov '20;18,196.00;19,956.00;18,196.00;19,410.00;+1,214.0 (+6.67%);127.6
Mon 23 Nov '20;18,390.00;19,497.00;16,317.00;18,196.00;−196.0 (−1.07%);125.6
Mon 16 Nov '20;15,965.00;18,945.00;15,874.00;18,392.00;+2,427.0 (+15.20%);125.3
Mon 09 Nov '20;15,501.00;16,481.00;14,841.00;15,965.00;+465.0 (+3.00%);124.6
Mon 02 Nov '20;13,755.00;15,888.00;13,207.00;15,500.00;+1,744.0 (+12.68%);124.8
Mon 26 Oct '20;13,036.00;14,055.00;12,781.00;13,756.00;+719.0 (+5.52%);123.1
Mon 19 Oct '20;11,517.00;13,358.00;11,417.00;13,037.00;+1,519.0 (+13.19%);123.6
Mon 12 Oct '20;11,384.00;11,740.00;11,111.00;11,518.00;+133.0 (+1.17%);122.9
Mon 05 Oct '20;10,687.00;11,505.00;10,541.00;11,385.00;+698.0 (+6.53%);123.2
Mon 28 Sep '20;10,804.00;10,986.00;10,391.00;10,687.00;−116.0 (−1.07%);122.2
Mon 21 Sep '20;10,935.00;11,000.00;10,152.00;10,803.00;−131.5 (−1.20%);120.3
Mon 14 Sep '20;10,331.00;11,185.00;10,259.00;10,934.50;+603.5 (+5.84%);121.5
Mon 07 Sep '20;10,276.00;10,623.00;9,882.40;10,331.00;+55.0 (+0.54%);120.8
Mon 31 Aug '20;11,729.90;12,067.00;9,925.50;10,276.00;−1,454.0 (−12.40%);120.8
Mon 24 Aug '20;11,663.00;11,847.00;11,137.00;11,730.00;+67.0 (+0.57%);120.3
Mon 17 Aug '20;11,924.00;12,490.00;11,390.00;11,663.00;−262.0 (−2.20%);119.3
Mon 10 Aug '20;11,675.30;12,065.00;11,100.00;11,925.00;+249.7 (+2.14%);119.1
Mon 03 Aug '20;11,058.80;11,900.00;10,943.00;11,675.30;+621.5 (+5.62%);118.8
Mon 27 Jul '20;9,948.40;12,097.00;9,944.90;11,053.80;+1,105.4 (+11.11%);118.7
Mon 20 Jul '20;9,231.20;10,190.00;9,154.50;9,948.40;+717.2 (+7.77%);117.8
Mon 13 Jul '20;9,320.20;9,350.00;9,026.60;9,231.20;−84.6 (−0.91%);117.2
Mon 06 Jul '20;9,089.00;9,497.20;9,075.80;9,315.80;+231.5 (+2.55%);116.9
Mon 29 Jun '20;9,125.40;9,298.00;8,918.00;9,084.30;−41.1 (−0.45%);116.3
Mon 22 Jun '20;9,299.50;9,795.00;8,855.00;9,125.40;−175.6 (−1.89%);114.8
Mon 15 Jun '20;9,343.10;9,590.00;8,914.90;9,301.00;−43.8 (−0.47%);114.2
Mon 08 Jun '20;9,749.90;10,012.00;9,084.00;9,344.80;−402.3 (−4.13%);114.5
Mon 01 Jun '20;9,451.10;10,398.00;9,150.00;9,747.10;+296.0 (+3.13%);114.5
Mon 25 May '20;8,710.10;9,750.00;8,620.00;9,451.10;+741.0 (+8.51%);113.6
Mon 18 May '20;9,668.20;9,944.00;8,688.00;8,710.10;−958.1 (−9.91%);111.2
Mon 11 May '20;8,721.20;9,938.70;8,200.00;9,668.20;+946.0 (+10.85%);110.8
Mon 04 May '20;8,901.30;10,045.00;8,101.00;8,722.20;−177.6 (−2.00%);111.1
Mon 27 Apr '20;7,697.90;9,441.90;7,613.40;8,899.80;+1,201.9 (+15.61%);111.3
Mon 20 Apr '20;7,133.30;7,773.90;6,766.00;7,697.90;+564.6 (+7.91%);108.5
Mon 13 Apr '20;6,916.60;7,309.70;6,500.40;7,133.30;+214.3 (+3.10%);108.6
Mon 06 Apr '20;6,780.80;7,454.30;6,756.30;6,919.00;+138.8 (+2.05%);108.7
Mon 30 Mar '20;5,892.60;7,283.50;5,880.90;6,780.20;+887.5 (+15.06%);107.5
Mon 23 Mar '20;5,820.00;6,968.00;5,677.00;5,892.70;+72.6 (+1.25%);105.2
Mon 16 Mar '20;5,383.20;6,929.80;4,467.90;5,820.10;+436.9 (+8.12%);102.9
Mon 09 Mar '20;8,073.90;8,215.00;4,000.00;5,383.20;−2,690.8 (−33.33%);104.6
Mon 02 Mar '20;8,556.70;9,241.50;8,043.20;8,074.00;−482.7 (−5.64%);106.3
Mon 24 Feb '20;9,985.00;10,022.00;8,455.10;8,556.70;−1,428.3 (−14.30%);104.9
Mon 17 Feb '20;9,925.30;10,310.00;9,290.00;9,985.00;+58.2 (+0.59%);103.9
Mon 10 Feb '20;10,151.90;10,491.00;9,651.30;9,926.80;−224.2 (−2.21%);104.5
Mon 03 Feb '20;9,353.00;10,165.00;9,112.50;10,151.00;+798.8 (+8.54%);104.5
Mon 27 Jan '20;8,621.60;9,550.00;8,585.00;9,352.20;+730.7 (+8.48%);105.4
Mon 20 Jan '20;8,698.70;8,799.90;8,246.00;8,621.50;−77.2 (−0.89%);104.6
Mon 13 Jan '20;8,174.70;9,169.50;8,053.60;8,698.70;+524.0 (+6.41%);105
Mon 06 Jan '20;7,363.90;8,442.00;7,358.00;8,174.70;+810.1 (+11.00%);104.9
Mon 30 Dec '19;7,416.10;7,509.90;6,909.30;7,364.60;−49.0 (−0.66%);104.9
Mon 23 Dec '19;7,535.90;7,715.10;7,113.20;7,413.60;−121.5 (−1.61%);104.1
Mon 16 Dec '19;7,152.70;7,541.40;6,477.00;7,535.10;+382.4 (+5.35%);103.8
Mon 09 Dec '19;7,564.60;7,748.70;7,032.60;7,152.70;−411.9 (−5.45%);104
Mon 02 Dec '19;7,450.00;7,890.00;7,129.00;7,564.60;+114.5 (+1.54%);103.5
Mon 25 Nov '19;6,965.20;7,933.40;6,618.00;7,450.10;+484.8 (+6.96%);103.2
Mon 18 Nov '19;8,537.00;8,537.00;6,819.20;6,965.30;−1,572.0 (−18.41%);102.5
Mon 11 Nov '19;9,069.70;9,108.50;8,404.40;8,537.30;−532.4 (−5.87%);102.8
Mon 04 Nov '19;9,223.00;9,645.00;8,681.00;9,069.70;−152.7 (−1.66%);102.7
Mon 28 Oct '19;9,573.90;9,948.90;8,982.10;9,222.40;−349.4 (−3.65%);103.1
Mon 21 Oct '19;8,260.70;10,480.00;7,333.40;9,571.80;+1,311.1 (+15.87%);102.5
Mon 14 Oct '19;8,304.90;8,439.70;7,860.00;8,260.70;−44.2 (−0.53%);102.7
Mon 07 Oct '19;7,882.60;8,815.30;7,793.20;8,304.90;+421.9 (+5.35%);102.2
Mon 30 Sep '19;8,090.00;8,539.30;7,733.30;7,883.00;−207.0 (−2.56%);101.9
Mon 23 Sep '19;10,059.00;10,077.00;7,796.60;8,090.00;−1,965.0 (−19.54%);101.2
Mon 16 Sep '19;10,322.00;10,487.00;9,655.00;10,055.00;−266.0 (−2.58%);101.7
Mon 09 Sep '19;10,412.00;10,557.00;9,814.00;10,321.00;−94.0 (−0.90%);101.9
Mon 02 Sep '19;9,779.10;10,933.00;9,754.60;10,415.00;+635.9 (+6.50%);101.7
Mon 26 Aug '19;10,133.00;10,675.00;9,358.20;9,779.10;−352.9 (−3.48%);101.3
Mon 19 Aug '19;10,328.40;10,993.00;9,787.00;10,132.00;−200.2 (−1.94%);101.5
Mon 12 Aug '19;11,575.00;11,585.00;9,522.00;10,332.20;−1,233.2 (−10.66%);101.5
Mon 05 Aug '19;10,973.00;12,325.00;10,973.00;11,565.40;+592.4 (+5.40%);101.7
Mon 29 Jul '19;9,519.00;11,060.00;9,376.70;10,973.00;+1,454.0 (+15.27%);102.1
Mon 22 Jul '19;10,570.00;10,690.00;9,101.40;9,519.00;−1,050.4 (−9.94%);102.3
Mon 15 Jul '19;10,199.00;11,098.00;9,084.70;10,569.40;+365.4 (+3.58%);102.7
Mon 08 Jul '19;11,485.00;13,174.00;10,122.00;10,204.00;−1,281.0 (−11.15%);102.8
Mon 01 Jul '19;10,800.00;12,065.00;9,728.20;11,485.00;+676.0 (+6.25%);102.4
Mon 24 Jun '19;10,909.00;13,764.00;10,388.00;10,809.00;−104.0 (−0.95%);103
Mon 17 Jun '19;8,985.90;11,369.00;8,945.00;10,913.00;+1,927.1 (+21.45%);102.4
Mon 10 Jun '19;7,633.30;9,395.50;7,513.20;8,985.90;+1,352.6 (+17.72%);101.5
Mon 03 Jun '19;8,740.00;8,740.10;7,455.00;7,633.30;−1,106.8 (−12.66%);101.9
Mon 27 May '19;8,729.80;9,109.00;8,005.00;8,740.10;+10.2 (+0.12%);101.4
Mon 20 May '19;8,185.10;8,828.00;7,436.40;8,729.90;+541.6 (+6.61%);100.9
Mon 13 May '19;6,980.20;8,352.30;6,880.00;8,188.30;+1,204.9 (+17.25%);100.5
Mon 06 May '19;6,041.40;7,448.00;5,901.00;6,983.40;+942.0 (+15.59%);101.3
Mon 29 Apr '19;5,483.30;6,190.00;5,365.00;6,041.40;+554.6 (+10.11%);101.6
Mon 22 Apr '19;5,320.30;5,690.00;5,055.00;5,486.80;+164.9 (+3.10%);101.2
Mon 15 Apr '19;5,194.30;5,404.80;4,977.00;5,321.90;+127.5 (+2.45%);101.7
Mon 08 Apr '19;5,238.90;5,488.00;4,934.70;5,194.40;−43.6 (−0.83%);101.8
Mon 01 Apr '19;4,167.50;5,335.50;4,124.00;5,238.00;+1,070.5 (+25.69%);101.6
Mon 25 Mar '19;4,041.40;4,210.00;3,939.00;4,167.50;+126.1 (+3.12%);101.7
Mon 18 Mar '19;4,068.90;4,146.90;4,004.00;4,041.40;−27.5 (−0.68%);101.5
Mon 11 Mar '19;3,998.60;4,166.80;3,869.30;4,068.90;+68.9 (+1.72%);101.5
Mon 04 Mar '19;3,884.90;4,046.20;3,767.00;4,000.00;+115.0 (+2.96%);101.2
Mon 25 Feb '19;3,831.40;3,988.00;3,761.20;3,885.00;+53.7 (+1.40%);101.5
Mon 18 Feb '19;3,735.50;4,282.40;3,723.60;3,831.30;+95.8 (+2.56%);101.5
Mon 11 Feb '19;3,747.70;3,790.00;3,631.00;3,735.50;−12.2 (−0.33%);101.1
Mon 04 Feb '19;3,501.70;3,800.00;3,405.30;3,747.70;+246.0 (+7.02%);101.4
Mon 28 Jan '19;3,597.10;3,597.90;3,422.00;3,501.70;−95.4 (−2.65%);101.8
Mon 21 Jan '19;3,586.10;3,750.00;3,462.00;3,597.10;+11.0 (+0.31%);101.1
Mon 14 Jan '19;3,590.90;3,882.00;3,543.00;3,586.10;−4.9 (−0.14%);100.8
Mon 07 Jan '19;4,169.20;4,215.80;3,570.00;3,591.00;−577.4 (−13.85%);101.3
Mon 31 Dec '18;3,978.50;4,218.00;3,771.00;4,168.40;+191.1 (+4.80%);100.5
Mon 24 Dec '18;4,072.60;4,384.00;3,686.00;3,977.30;−94.4 (−2.32%);99.4
Mon 17 Dec '18;3,300.10;4,300.00;3,280.00;4,071.70;+770.2 (+23.33%);99
Mon 10 Dec '18;3,642.10;3,709.70;3,215.20;3,301.50;−340.8 (−9.36%);98.7
Mon 03 Dec '18;4,172.90;4,189.80;3,277.60;3,642.30;−530.7 (−12.72%);99.1
Mon 26 Nov '18;4,086.50;4,488.00;3,684.10;4,173.00;+83.9 (+2.05%);98.6
Mon 19 Nov '18;5,659.50;5,659.50;3,657.60;4,089.10;−1,570.4 (−27.75%);98.3
Mon 12 Nov '18;6,448.00;6,501.10;5,432.00;5,659.50;−788.4 (−12.23%);98.6
Mon 05 Nov '18;6,491.80;6,615.00;6,357.80;6,447.90;−43.8 (−0.67%);98.2
Mon 29 Oct '18;6,490.20;6,529.40;6,242.10;6,491.70;+1.6 (+0.02%);98.7
Mon 22 Oct '18;6,590.10;6,627.90;6,451.00;6,490.10;−100.8 (−1.53%);98.5
Mon 15 Oct '18;6,336.40;7,788.00;6,294.60;6,590.90;+254.5 (+4.02%);98.8
Mon 08 Oct '18;6,609.40;6,730.00;6,220.30;6,336.40;−273.0 (−4.13%);99
Mon 01 Oct '18;6,622.30;6,741.40;6,424.60;6,609.40;−13.0 (−0.20%);98.9
Mon 24 Sep '18;6,710.00;6,826.40;6,328.00;6,622.40;−87.6 (−1.31%);99.1
Mon 17 Sep '18;6,498.50;6,840.90;6,100.00;6,710.00;+211.6 (+3.26%);99.3
Mon 10 Sep '18;6,240.00;6,596.50;6,170.00;6,498.40;+258.5 (+4.14%);99
Mon 03 Sep '18;7,300.10;7,415.40;6,119.50;6,239.90;−1,060.1 (−14.52%);99
Mon 27 Aug '18;6,707.00;7,429.20;6,652.70;7,300.00;+593.0 (+8.84%);99.2
Mon 20 Aug '18;6,485.10;6,899.00;6,230.00;6,707.00;+221.9 (+3.42%);99
Mon 13 Aug '18;6,313.90;6,647.60;5,858.60;6,485.10;+171.2 (+2.71%);98.4
Mon 06 Aug '18;7,025.20;7,153.60;6,008.10;6,313.90;−711.9 (−10.13%);98.5
Mon 30 Jul '18;8,220.10;8,301.70;6,890.00;7,025.80;−1,195.2 (−14.54%);99
Mon 23 Jul '18;7,398.70;8,506.70;7,374.00;8,221.00;+823.4 (+11.13%);99.2
Mon 16 Jul '18;6,347.20;7,685.20;6,327.10;7,397.60;+1,050.4 (+16.55%);99.4
Mon 09 Jul '18;6,707.00;6,820.00;6,079.90;6,347.20;−359.8 (−5.36%);99.6
Mon 02 Jul '18;6,349.30;6,839.40;6,275.00;6,707.00;+357.3 (+5.63%);100.2
Mon 25 Jun '18;6,148.10;6,545.50;5,780.00;6,349.70;+201.7 (+3.28%);100
Mon 18 Jun '18;6,443.00;6,849.70;5,755.00;6,148.00;−290.4 (−4.51%);100.1
Mon 11 Jun '18;6,757.90;6,899.00;6,107.90;6,438.40;−319.6 (−4.73%);100.3
Mon 04 Jun '18;7,718.10;7,764.00;6,618.90;6,758.00;−960.0 (−12.44%);101.2
Mon 28 May '18;7,339.60;7,779.00;7,040.00;7,718.00;+378.3 (+5.15%);100.8
Mon 21 May '18;8,523.70;8,644.00;7,211.10;7,339.70;−1,184.0 (−13.89%);100.5
Mon 14 May '18;8,683.50;8,884.50;7,925.00;8,523.70;−159.9 (−1.84%);100.6
Mon 07 May '18;9,658.60;9,677.90;8,204.40;8,683.60;−975.1 (−10.10%);101.4
Mon 30 Apr '18;9,400.00;9,990.00;8,818.00;9,658.70;+258.7 (+2.75%);101.3
Mon 23 Apr '18;8,791.40;9,767.40;8,652.20;9,400.00;+608.6 (+6.92%);101.8
Mon 16 Apr '18;8,357.40;9,069.00;7,823.00;8,791.40;+433.9 (+5.19%);102.6
Mon 09 Apr '18;7,023.90;8,458.80;6,611.00;8,357.50;+1,333.6 (+18.99%);103
Mon 02 Apr '18;6,816.70;7,509.70;6,500.20;7,023.90;+207.3 (+3.04%);102.8
Mon 26 Mar '18;8,445.30;8,499.10;6,425.10;6,816.60;−1,628.4 (−19.28%);103.2
Mon 19 Mar '18;8,200.30;9,177.50;8,085.70;8,445.00;+244.7 (+2.98%);102.9
Mon 12 Mar '18;9,525.90;9,900.00;7,240.00;8,200.30;−1,327.4 (−13.93%);102.6
Mon 05 Mar '18;11,500.00;11,700.00;8,342.00;9,527.70;−1,972.3 (−17.15%);102.6
Mon 26 Feb '18;9,579.00;11,549.00;9,359.90;11,500.00;+1,917.0 (+20.00%);102.6
Mon 19 Feb '18;10,399.00;11,788.00;9,280.40;9,583.00;−817.0 (−7.86%);102.3
Mon 12 Feb '18;8,070.70;11,250.00;8,069.60;10,400.00;+2,330.7 (+28.88%);102.6
Mon 05 Feb '18;8,185.20;9,074.90;6,000.00;8,069.30;−115.9 (−1.42%);102
Mon 29 Jan '18;11,835.00;11,975.00;7,809.00;8,185.20;−3,642.8 (−30.80%);102.3
Mon 22 Jan '18;11,513.00;12,190.00;9,900.00;11,828.00;+314.0 (+2.73%);101.8
Mon 15 Jan '18;13,554.00;14,356.00;9,231.10;11,514.00;−2,044.0 (−15.08%);100.5
Mon 08 Jan '18;16,213.00;16,329.00;12,639.00;13,558.00;−2,657.4 (−16.39%);100.1
Mon 01 Jan '18;13,763.00;17,252.00;12,777.00;16,215.40;+2,446.4 (+17.77%);99.3
Mon 25 Dec '17;13,503.00;16,494.00;11,651.00;13,769.00;+292.0 (+2.17%);98.9
Mon 18 Dec '17;18,956.00;19,175.00;10,700.00;13,477.00;−5,483.0 (−28.92%);98
Mon 11 Dec '17;14,939.00;19,891.00;14,927.00;18,960.00;+4,000.0 (+26.74%);97.8
Mon 04 Dec '17;11,161.00;17,171.00;10,718.00;14,960.00;+3,798.0 (+34.03%);97.6
Mon 27 Nov '17;9,306.60;11,874.00;8,821.00;11,162.00;+1,856.9 (+19.96%);98
Mon 20 Nov '17;8,052.60;9,495.00;7,760.00;9,305.10;+1,252.4 (+15.55%);97.7
Mon 13 Nov '17;5,810.00;8,130.00;5,780.00;8,052.70;+2,242.0 (+38.58%);97.1
Mon 06 Nov '17;7,365.60;7,899.90;5,400.20;5,810.70;−1,556.0 (−21.12%);96.6
Mon 30 Oct '17;6,150.00;7,598.00;6,006.20;7,366.70;+1,216.7 (+19.78%);96.3
Mon 23 Oct '17;5,982.40;6,345.00;5,365.30;6,150.00;+168.7 (+2.82%);96
Mon 16 Oct '17;5,712.10;6,199.90;5,114.00;5,981.30;+267.4 (+4.68%);96.5
Mon 09 Oct '17;4,611.80;5,920.00;4,551.00;5,713.90;+1,102.0 (+23.89%);97.2
Mon 02 Oct '17;4,404.30;4,632.40;4,133.00;4,611.90;+207.6 (+4.71%);96.3
Mon 25 Sep '17;3,654.40;4,424.00;3,653.70;4,404.30;+749.6 (+20.51%);96.4
Mon 18 Sep '17;3,666.90;4,119.00;3,490.00;3,654.70;−11.9 (−0.32%);97
Mon 11 Sep '17;4,233.50;4,383.20;2,980.40;3,666.60;−567.3 (−13.40%);97.4
Mon 04 Sep '17;4,598.00;4,694.90;3,900.10;4,233.90;−364.6 (−7.93%);98.3
Mon 28 Aug '17;4,333.80;4,970.00;4,175.00;4,598.50;+263.3 (+6.07%);97.1
Mon 21 Aug '17;4,059.60;4,464.20;3,599.00;4,335.20;+272.1 (+6.70%);96.4
Mon 14 Aug '17;4,061.00;4,492.30;3,832.50;4,063.10;+1.5 (+0.04%);95.9
Mon 07 Aug '17;3,232.00;4,190.00;3,190.00;4,061.60;+829.5 (+25.66%);96
Mon 31 Jul '17;2,748.20;3,339.50;2,604.00;3,232.10;+483.9 (+17.61%);95.4
Mon 24 Jul '17;2,749.20;2,820.00;2,404.00;2,748.20;−1.9 (−0.07%);95.2
Mon 17 Jul '17;1,925.00;2,922.00;1,923.20;2,750.10;+825.1 (+42.86%);94.8
Mon 10 Jul '17;2,480.50;2,499.90;1,826.20;1,925.00;−552.9 (−22.31%);94.3
Mon 03 Jul '17;2,445.10;2,628.60;2,416.20;2,477.90;+32.8 (+1.34%);93.5
Mon 26 Jun '17;2,483.00;2,566.80;2,207.80;2,445.10;−38.2 (−1.54%);93.7
Mon 19 Jun '17;2,491.50;2,780.00;2,368.30;2,483.30;−8.1 (−0.33%);92.6
Mon 12 Jun '17;2,938.80;2,962.20;2,046.00;2,491.40;−450.4 (−15.31%);92.9
Mon 05 Jun '17;2,488.20;3,003.00;2,480.00;2,941.80;+453.6 (+18.23%);93
Mon 29 May '17;2,056.80;2,498.00;1,990.00;2,488.20;+431.3 (+20.97%);93.1
Mon 22 May '17;2,027.00;2,690.00;1,810.00;2,056.90;+30.3 (+1.50%);92.3
Mon 15 May '17;1,827.30;2,099.10;1,719.00;2,026.60;+199.3 (+10.91%);92.2
Mon 08 May '17;1,620.00;1,908.10;1,618.90;1,827.30;+207.4 (+12.80%);91.4
Mon 01 May '17;1,435.30;1,702.00;1,432.00;1,619.90;+184.9 (+12.89%);91.5
Mon 24 Apr '17;1,355.30;1,449.70;1,325.00;1,435.00;+79.8 (+5.89%);91.5
Mon 17 Apr '17;1,212.50;1,359.00;1,202.00;1,355.20;+143.2 (+11.82%);91.3
Mon 10 Apr '17;1,216.30;1,244.70;1,163.30;1,212.00;−3.9 (−0.32%);91.2
Mon 03 Apr '17;1,107.60;1,226.90;1,107.50;1,215.90;+108.4 (+9.79%);90.7
Mon 27 Mar '17;969;1,118.20;960.1;1,107.50;+138.6 (+14.30%);90.8
Mon 20 Mar '17;1,016.10;1,122.30;888.2;968.9;−47.6 (−4.68%);90.5
Mon 13 Mar '17;1,224.40;1,263.90;935.1;1,016.50;−207.9 (−16.98%);90.1
Mon 06 Mar '17;1,278.50;1,338.70;958.5;1,224.40;−54.0 (−4.22%);89.4
Mon 27 Feb '17;1,178.70;1,294.70;1,170.00;1,278.40;+100.1 (+8.50%);89.5
Mon 20 Feb '17;1,056.30;1,222.40;1,040.10;1,178.30;+122.1 (+11.56%);89.6
Mon 13 Feb '17;996;1,071.10;974.2;1,056.20;+60.2 (+6.04%);89.4
Mon 06 Feb '17;1,007.00;1,078.00;936.3;996;−10.6 (−1.05%);89.5
Mon 30 Jan '17;912.6;1,040.00;910;1,006.60;+94.1 (+10.31%);89.7
Mon 23 Jan '17;923.7;928.8;884.2;912.6;−11.2 (−1.21%);88.4
Mon 16 Jan '17;821.2;939.8;813.9;923.7;+103.0 (+12.55%);88.3
Mon 09 Jan '17;915.9;923.7;735.3;820.7;−95.2 (−10.39%);88.1
Mon 02 Jan '17;999;1,166.00;815;915.9;−83.1 (−8.32%);87.3
Mon 26 Dec '16;898;1,006.50;894.2;999;+101.0 (+11.25%);86.8
Mon 19 Dec '16;790.2;920;787.8;898;+107.8 (+13.64%);86.4
Mon 12 Dec '16;770.2;793;762.9;790.2;+20.0 (+2.60%);86.3
Mon 05 Dec '16;768.5;777.8;744.6;770.2;+1.7 (+0.22%);87.1
Mon 28 Nov '16;725;779.2;725;768.5;+43.6 (+6.01%);87.4
Mon 21 Nov '16;729.7;753.9;720;724.9;−4.8 (−0.65%);86.6
Mon 14 Nov '16;703.6;763.9;698.8;729.7;+26.0 (+3.70%);86.9
Mon 07 Nov '16;713.8;743.1;687.6;703.6;−10.3 (−1.44%);88.3
Mon 31 Oct '16;702.6;754.7;676;714;+11.4 (+1.62%);89.5
Mon 24 Oct '16;658.4;724;652.6;702.6;+43.5 (+6.60%);88.5
Mon 17 Oct '16;644.2;672.2;627.8;659;+14.9 (+2.31%);88.6
Mon 10 Oct '16;616.6;646.9;615.9;644.2;+27.6 (+4.48%);88.8
Mon 03 Oct '16;609;622.9;608.9;616.6;+7.5 (+1.23%);89.6
Mon 26 Sep '16;600.2;616.9;575;609.1;+8.7 (+1.45%);89.8
Mon 19 Sep '16;613;615.1;591;600.4;−12.7 (−2.07%);89.7
Mon 12 Sep '16;612.1;640;605;613;+0.9 (+0.16%);89.4
Mon 05 Sep '16;614.5;636.2;595.4;612.1;−2.4 (−0.40%);89.7
Mon 29 Aug '16;574.3;618.7;570.6;614.5;+40.4 (+7.03%);89.2
Mon 22 Aug '16;581.5;590.7;567.2;574.2;−7.3 (−1.25%);89.1
Mon 15 Aug '16;569.7;584.3;563;581.4;+12.0 (+2.11%);89.6
Mon 08 Aug '16;609;609.3;564;569.4;−34.7 (−5.74%);89.3
Mon 01 Aug '16;622.8;627.4;595;604.1;−18.7 (−3.01%);88.9
Mon 25 Jul '16;661.7;664.4;621.3;622.8;−39.0 (−5.89%);89
Mon 18 Jul '16;683.2;686.7;639.4;661.8;−21.4 (−3.13%);87.6
Mon 11 Jul '16;649.1;690;643.4;683.2;+33.5 (+5.15%);87.9
Mon 04 Jul '16;659.3;684.4;610.1;649.7;−9.6 (−1.45%);88.4
Mon 27 Jun '16;627.8;707;616.1;659.3;+31.9 (+5.08%);88.4
Mon 20 Jun '16;767.3;767.8;555.6;627.4;−139.9 (−18.23%);87.6
Mon 13 Jun '16;672;789.8;656.5;767.3;+95.3 (+14.18%);87.9
Mon 06 Jun '16;574;685;561.3;672;+98.0 (+17.07%);87.6
Mon 30 May '16;530;593.9;518;574;+43.0 (+8.10%);87.8
Mon 23 May '16;437.4;570;436.5;531;+93.5 (+21.38%);86.3
Mon 16 May '16;458;459;433;437.5;−20.4 (−4.46%);86.4
Mon 09 May '16;459.9;465.4;445;457.9;−2.0 (−0.43%);86.9
Mon 02 May '16;451.1;466;436;459.9;+8.8 (+1.94%);87.4
Mon 25 Apr '16;463.3;472;435;451.1;−11.9 (−2.57%);87.8
Mon 18 Apr '16;428.5;465;426.5;463;+34.5 (+8.05%);86.3
Mon 11 Apr '16;421.3;435.7;418.8;428.5;+7.2 (+1.71%);86.9
Mon 04 Apr '16;421;425;412;421.3;+0.7 (+0.17%);86.9
Mon 28 Mar '16;427.3;428;406.5;420.6;−6.8 (−1.58%);86.5
Mon 21 Mar '16;410.8;431;406;427.4;+16.1 (+3.92%);85.2
Mon 14 Mar '16;412;420.6;403;411.3;−0.6 (−0.15%);85.9
Mon 07 Mar '16;403.8;423.6;401.5;411.9;+8.1 (+2.01%);85.3
Mon 29 Feb '16;434.5;445;389;403.8;−30.7 (−7.07%);84.8
Mon 22 Feb '16;440.5;442.7;409.7;434.5;−6.0 (−1.37%);83.8
Mon 15 Feb '16;408.3;451.6;395.2;440.5;+32.2 (+7.88%);84.3
Mon 08 Feb '16;372.3;408.7;369;408.3;+36.3 (+9.76%);84.2
Mon 01 Feb '16;365.6;393.9;363.2;372;+6.5 (+1.78%);83.7
Mon 25 Jan '16;402.8;402.8;360;365.5;−37.3 (−9.25%);82.7
Mon 18 Jan '16;382.1;428;371.3;402.8;+20.8 (+5.43%);81.8
Mon 11 Jan '16;449.3;452.5;352.5;382;−67.3 (−14.98%);82
Mon 04 Jan '16;428.6;465;425;449.4;+21.0 (+4.89%);82.1
Mon 28 Dec '15;421.8;436.5;412.5;428.4;+6.1 (+1.44%);82.1
Mon 21 Dec '15;442.6;460.1;405.5;422.3;−20.3 (−4.59%);82.3
Mon 14 Dec '15;432.9;470;427.3;442.6;+9.3 (+2.14%);82
Mon 07 Dec '15;390.9;475;384.5;433.4;+42.8 (+10.95%);82.4
Mon 30 Nov '15;373.8;407.6;346.1;390.6;+16.7 (+4.47%);82.5
Mon 23 Nov '15;324.7;376;315.6;373.9;+49.2 (+15.16%);81.6
Mon 16 Nov '15;320.8;342.5;309.5;324.7;+4.1 (+1.29%);81.8
Mon 09 Nov '15;374.5;389;300.3;320.5;−53.6 (−14.32%);82
Mon 02 Nov '15;330.2;504;326.8;374.1;+43.9 (+13.28%);82.1
Mon 26 Oct '15;284.7;336;282.3;330.2;+45.4 (+15.96%);82.9
Mon 19 Oct '15;265.3;296;262.4;284.8;+19.8 (+7.46%);82.5
Mon 12 Oct '15;247.9;275.2;244;265;+17.0 (+6.86%);83.3
Mon 05 Oct '15;239.5;249;236.2;248;+8.5 (+3.54%);83.2
Mon 28 Sep '15;233.4;241.5;233.4;239.5;+6.1 (+2.63%);82.5
Mon 21 Sep '15;232.1;237.7;224.3;233.4;+1.3 (+0.54%);82.2
Mon 14 Sep '15;231.1;236.3;227.3;232.1;+1.2 (+0.50%);82.6
Mon 07 Sep '15;241;247.7;229;231;−10.0 (−4.15%);82.5
Mon 31 Aug '15;230;248.5;225.3;241;+11.0 (+4.77%);82.3
Mon 24 Aug '15;228.1;238.9;196.6;230;+1.5 (+0.64%);81.9
Mon 17 Aug '15;259.9;262.4;162;228.5;−31.4 (−12.07%);82.2
Mon 10 Aug '15;265.7;273.8;256.5;259.9;−5.7 (−2.14%);81.7
Mon 03 Aug '15;282.4;287.1;260.6;265.6;−16.9 (−5.97%);82.3
Mon 27 Jul '15;293;298.9;276.3;282.4;−10.6 (−3.61%);82.5
Mon 20 Jul '15;275;294.6;273.5;293;+18.0 (+6.53%);82
Mon 13 Jul '15;311.1;312;272;275;−36.1 (−11.60%);81.9
Mon 06 Jul '15;271.8;316.2;262.6;311.1;+39.2 (+14.41%);82.5
Mon 29 Jun '15;248.7;275.9;248.6;272;+23.2 (+9.35%);82.5
Mon 22 Jun '15;244.3;252.1;239;248.7;+4.5 (+1.83%);82.2
Mon 15 Jun '15;233.5;259.1;233.4;244.3;+10.7 (+4.59%);82.5
Mon 08 Jun '15;223.3;235.4;223.3;233.5;+10.3 (+4.60%);82.3
Mon 01 Jun '15;228.4;230.9;219.7;223.3;−5.4 (−2.38%);81.7
Mon 25 May '15;240.9;241.1;227;228.7;−12.3 (−5.09%);81.7
Mon 18 May '15;236.3;243;229;241;+4.8 (+2.04%);81.6
Mon 11 May '15;240.8;245.5;232.1;236.2;−4.6 (−1.90%);82.5
Mon 04 May '15;240.7;249.2;226.4;240.7;+0.2 (+0.07%);82
Mon 27 Apr '15;219.7;243.7;218.2;240.6;+20.9 (+9.50%);81.8
Mon 20 Apr '15;222.3;239;213.9;219.7;−2.5 (−1.11%);81.4
Mon 13 Apr '15;236.2;237.7;216.4;222.2;−14.2 (−6.02%);81.2
Mon 06 Apr '15;260.8;262.5;230.8;236.4;−24.1 (−9.26%);80.5
Mon 30 Mar '15;242.9;261.3;236.2;260.5;+17.8 (+7.32%);81.5
Mon 23 Mar '15;268.6;271.5;235.7;242.7;−26.1 (−9.70%);80.2
Mon 16 Mar '15;286.7;295.2;247;268.8;−18.1 (−6.30%);79.9
Mon 09 Mar '15;275.6;304;275;286.9;+11.3 (+4.10%);79
Mon 02 Mar '15;262.5;294;259;275.6;+13.2 (+5.03%);79.7
Mon 23 Feb '15;236.5;266.9;232.6;262.4;+25.9 (+10.95%);80.5
Mon 16 Feb '15;235.3;249;228.6;236.5;+0.6 (+0.26%);80.2
Mon 09 Feb '15;224.1;268.5;214;235.9;+12.0 (+5.37%);80.3
Mon 02 Feb '15;226.9;248.4;210.1;223.9;−3.1 (−1.35%);80.1
Mon 26 Jan '15;254.7;315;211;226.9;−27.8 (−10.92%);80
Mon 19 Jan '15;211;259.4;203.7;254.7;+43.7 (+20.71%);79.9
Mon 12 Jan '15;267.5;274.4;166.5;211;−56.2 (−21.04%);80.6
Mon 05 Jan '15;264;303.3;263.8;267.3;+3.1 (+1.17%);80.6
Mon 29 Dec '14;317;322.9;255;264.2;−52.8 (−16.64%);80.8
Mon 22 Dec '14;321.2;337.8;310;316.9;−3.9 (−1.20%);80.3
Mon 15 Dec '14;353.7;354.6;302.3;320.8;−32.9 (−9.29%);80.4
Mon 08 Dec '14;376.3;378.3;335.7;353.7;−22.4 (−5.95%);80.8
Mon 01 Dec '14;379.7;388;366.1;376;−3.9 (−1.02%);80.6
Mon 24 Nov '14;368;396.9;355.5;379.9;+11.6 (+3.16%);81.2
Mon 17 Nov '14;391.8;413.5;340;368.3;−23.4 (−5.97%);80.9
Mon 10 Nov '14;362.6;475;356.3;391.7;+29.0 (+8.01%);81.2
Mon 03 Nov '14;323.8;364.1;321;362.6;+38.8 (+11.98%);81.4
Mon 27 Oct '14;353.1;359.5;315.5;323.8;−29.2 (−8.27%);81.8
Mon 20 Oct '14;388.1;394;337.7;353;−35.0 (−9.02%);82.3
Mon 13 Oct '14;378.1;414.4;368.2;388;+10.0 (+2.64%);82.6
Mon 06 Oct '14;319.9;387.1;301;378.1;+58.2 (+18.18%);82.3
Mon 29 Sep '14;375.9;398.7;275;319.9;−56.8 (−15.08%);81.8
Mon 22 Sep '14;400;447.1;365;376.7;−22.5 (−5.64%);81.9
Mon 15 Sep '14;477.1;480.3;381.5;399.2;−77.3 (−16.22%);82.2
Mon 08 Sep '14;479.9;490;463;476.5;−3.4 (−0.70%);82.7
Mon 01 Sep '14;477.8;497.2;468.8;479.9;+2.1 (+0.43%);83.1
Mon 25 Aug '14;511.4;522.8;471.7;477.8;−33.0 (−6.46%);83.5
Mon 18 Aug '14;497.6;534.9;443;510.8;+13.4 (+2.70%);83.4
Mon 11 Aug '14;588;588.7;451;497.4;−91.2 (−15.50%);83.8
Mon 04 Aug '14;587;598.9;574;588.6;+2.9 (+0.50%);83.7
Mon 28 Jul '14;591.5;605.7;561.5;585.7;−5.8 (−0.99%);83.7
Mon 21 Jul '14;624;625;589;591.6;−32.5 (−5.20%);84
Mon 14 Jul '14;629.6;633.6;611.2;624;−5.5 (−0.87%);84
Mon 07 Jul '14;637.8;642.8;608.4;629.5;−7.9 (−1.24%);84.2
Mon 30 Jun '14;601.5;665;598.4;637.4;+35.4 (+5.89%);84.1
Mon 23 Jun '14;603.4;607.2;560.5;602;−1.4 (−0.24%);83.7
Mon 16 Jun '14;593.6;619.6;582.1;603.4;+9.5 (+1.60%);83.4
Mon 09 Jun '14;658.7;672;522.2;593.9;−64.8 (−9.84%);83.5
Mon 02 Jun '14;632;685;615;658.7;+32.3 (+5.15%);83.3
Mon 26 May '14;574.6;680;551;626.4;+52.4 (+9.13%);83.3
Mon 19 May '14;447.6;586;444.1;574;+126.6 (+28.29%);82.8
Mon 12 May '14;437.5;453;431.8;447.4;+9.4 (+2.15%);82.9
Mon 05 May '14;438.6;459.7;419.4;438;+2.9 (+0.67%);82.9
Mon 28 Apr '14;430;463.5;423.1;435;+5.1 (+1.17%);82.8
Mon 21 Apr '14;501.4;515.6;427.6;430;−71.0 (−14.17%);82.3
Mon 14 Apr '14;417.6;547;406.4;501;+83.0 (+19.84%);82.5
Mon 07 Apr '14;458.5;461;340;418;−40.8 (−8.89%);82.8
Mon 31 Mar '14;460.6;513.9;415.5;458.8;−2.2 (−0.48%);82.2
Mon 24 Mar '14;557.9;593.3;436.2;461;−97.0 (−17.38%);81.6
Mon 17 Mar '14;632;632.5;550.1;558;−75.0 (−11.85%);81.5
Mon 10 Mar '14;638.5;654;606;633;−5.5 (−0.86%);82.1
Mon 03 Mar '14;566;719.3;563;638.5;+73.1 (+12.93%);82
Mon 24 Feb '14;607;609;400;565.4;−41.6 (−6.86%);81.9
Mon 17 Feb '14;625;664;530;607;−18.0 (−2.88%);81.8
Mon 10 Feb '14;693.5;721.4;100;625;−69.0 (−9.94%);81.9
Mon 03 Feb '14;812.1;829;620;694;−120.0 (−14.74%);81.6
Mon 27 Jan '14;812.7;829;726.5;814;+1.5 (+0.18%);81.4
Mon 20 Jan '14;836;845;767.2;812.5;−23.4 (−2.80%);81
Mon 13 Jan '14;827.2;850.3;765;835.9;+8.7 (+1.05%);80.7
Mon 06 Jan '14;909.7;995;765;827.2;−82.8 (−9.09%);80.9
Mon 30 Dec '13;726.4;939.8;710;910;+181.7 (+24.95%);80.7
Mon 23 Dec '13;629;764;617.6;728.3;+99.3 (+15.79%);80.3
Mon 16 Dec '13;859.9;864;381.5;629;−225.5 (−26.39%);80.3
Mon 09 Dec '13;784;992;778.1;854.5;+71.0 (+9.07%);80.6
Mon 02 Dec '13;998.9;1,175.00;538;783.5;−215.4 (−21.57%);80.5
Mon 25 Nov '13;828.7;1,171.30;768;998.9;+170.2 (+20.53%);80.3
Mon 18 Nov '13;495;909;360;828.7;+332.7 (+67.08%);80
Mon 11 Nov '13;320;500;311.6;496;+170.0 (+52.15%);80
Mon 04 Nov '13;213.7;386;212.1;326;+114.0 (+53.77%);79.9
Mon 28 Oct '13;193.9;219.9;192.2;212;+18.9 (+9.81%);80.1
Mon 21 Oct '13;166.8;215;155.8;193.1;+26.3 (+15.74%);80.7
Mon 14 Oct '13;133.1;178.5;132;166.8;+33.4 (+25.04%);80.4
Mon 07 Oct '13;122.9;133.4;120.8;133.4;+10.5 (+8.54%);79.9
Mon 30 Sep '13;126.7;128.5;83.3;122.9;−3.6 (−2.88%);80
Mon 23 Sep '13;123.5;128.8;121.9;126.5;+3.2 (+2.62%);79.4
Mon 16 Sep '13;125.7;128.4;121.5;123.3;−2.4 (−1.94%);79.3
Mon 09 Sep '13;117.4;129.1;116;125.8;+8.3 (+7.02%);78.8
Mon 02 Sep '13;130.7;132.1;115;117.5;−13.0 (−9.99%);78.5
Mon 26 Aug '13;113.2;134.9;110;130.5;+17.7 (+15.67%);78.5
Mon 19 Aug '13;99.3;114.8;98.8;112.9;+13.4 (+13.51%);78.2
Mon 12 Aug '13;94.5;101;93.3;99.4;+4.9 (+5.21%);78.4
Mon 05 Aug '13;96.5;98.9;89.5;94.5;−1.9 (−1.94%);78.5
Mon 29 Jul '13;92.5;101;90.5;96.4;+3.3 (+3.58%);78
Mon 22 Jul '13;86;95.7;83;93.1;+7.2 (+8.40%);78.1
Mon 15 Jul '13;89.7;99.8;77;85.8;−4.2 (−4.63%);77.5
Mon 08 Jul '13;73.7;101.4;70;90;+17.0 (+23.32%);77.4
Mon 01 Jul '13;89.5;91.6;1;73;−16.3 (−18.21%);76.7
Mon 24 Jun '13;100;102.1;86.2;89.2;−11.3 (−11.20%);77.4
Mon 17 Jun '13;98.9;108.5;91;100.5;+1.8 (+1.82%);77.3
Mon 10 Jun '13;97.2;119;93;98.7;+1.3 (+1.33%);78.4
Mon 03 Jun '13;120;132.9;89.9;97.4;−22.6 (−18.83%);77.8
Mon 27 May '13;129.4;140.7;117;120;−10.2 (−7.83%);77.1
Mon 20 May '13;118;133;116;130.2;+12.2 (+10.33%);76.7
Mon 13 May '13;116.4;122;103.5;118;+2.0 (+1.72%);76.3
Mon 06 May '13;116.9;124.3;98;116;−0.9 (−0.76%);76.8
Mon 29 Apr '13;135.9;148.5;80;116.9;−18.9 (−13.93%);77.3
Mon 22 Apr '13;121.8;169.1;13;135.8;+14.8 (+12.24%);77
Mon 15 Apr '13;95;142;0;121;+26.0 (+27.37%);76.7
Mon 08 Apr '13;172.5;290;1.1;95;−79.4 (−45.53%);77
Mon 01 Apr '13;93.2;174.4;92.5;174.4;+81.3 (+87.33%);76.7
Mon 25 Mar '13;93.3;100;93;93.1;∅ (∅%);76.9